full_date,date_sk,year,month,day,weekday,quarter
2024-01-01,1,2024,1,1,1,1
2024-01-02,2,2024,1,2,2,1
2024-01-03,3,2024,1,3,3,1
2024-01-04,4,2024,1,4,4,1
2024-01-05,5,2024,1,5,5,1
2024-01-06,6,2024,1,6,6,1
2024-01-07,7,2024,1,7,7,1
2024-01-08,8,2024,1,8,1,1
2024-01-09,9,2024,1,9,2,1
2024-01-10,10,2024,1,10,3,1
2024-01-11,11,2024,1,11,4,1
2024-01-12,12,2024,1,12,5,1
2024-01-13,13,2024,1,13,6,1
2024-01-14,14,2024,1,14,7,1
2024-01-15,15,2024,1,15,1,1
2024-01-16,16,2024,1,16,2,1
2024-01-17,17,2024,1,17,3,1
2024-01-18,18,2024,1,18,4,1
2024-01-19,19,2024,1,19,5,1
2024-01-20,20,2024,1,20,6,1
2024-01-21,21,2024,1,21,7,1
2024-01-22,22,2024,1,22,1,1
2024-01-23,23,2024,1,23,2,1
2024-01-24,24,2024,1,24,3,1
2024-01-25,25,2024,1,25,4,1
2024-01-26,26,2024,1,26,5,1
2024-01-27,27,2024,1,27,6,1
2024-01-28,28,2024,1,28,7,1
2024-01-29,29,2024,1,29,1,1
2024-01-30,30,2024,1,30,2,1
2024-01-31,31,2024,1,31,3,1
2024-02-01,32,2024,2,1,4,1
2024-02-02,33,2024,2,2,5,1
2024-02-03,34,2024,2,3,6,1
2024-02-04,35,2024,2,4,7,1
2024-02-05,36,2024,2,5,1,1
2024-02-06,37,2024,2,6,2,1
2024-02-07,38,2024,2,7,3,1
2024-02-08,39,2024,2,8,4,1
2024-02-09,40,2024,2,9,5,1
2024-02-10,41,2024,2,10,6,1
2024-02-11,42,2024,2,11,7,1
2024-02-12,43,2024,2,12,1,1
2024-02-13,44,2024,2,13,2,1
2024-02-14,45,2024,2,14,3,1
2024-02-15,46,2024,2,15,4,1
2024-02-16,47,2024,2,16,5,1
2024-02-17,48,2024,2,17,6,1
2024-02-18,49,2024,2,18,7,1
2024-02-19,50,2024,2,19,1,1
2024-02-20,51,2024,2,20,2,1
2024-02-21,52,2024,2,21,3,1
2024-02-22,53,2024,2,22,4,1
2024-02-23,54,2024,2,23,5,1
2024-02-24,55,2024,2,24,6,1
2024-02-25,56,2024,2,25,7,1
2024-02-26,57,2024,2,26,1,1
2024-02-27,58,2024,2,27,2,1
2024-02-28,59,2024,2,28,3,1
2024-02-29,60,2024,2,29,4,1
2024-03-01,61,2024,3,1,5,1
2024-03-02,62,2024,3,2,6,1
2024-03-03,63,2024,3,3,7,1
2024-03-04,64,2024,3,4,1,1
2024-03-05,65,2024,3,5,2,1
2024-03-06,66,2024,3,6,3,1
2024-03-07,67,2024,3,7,4,1
2024-03-08,68,2024,3,8,5,1
2024-03-09,69,2024,3,9,6,1
2024-03-10,70,2024,3,10,7,1
2024-03-11,71,2024,3,11,1,1
2024-03-12,72,2024,3,12,2,1
2024-03-13,73,2024,3,13,3,1
2024-03-14,74,2024,3,14,4,1
2024-03-15,75,2024,3,15,5,1
2024-03-16,76,2024,3,16,6,1
2024-03-17,77,2024,3,17,7,1
2024-03-18,78,2024,3,18,1,1
2024-03-19,79,2024,3,19,2,1
2024-03-20,80,2024,3,20,3,1
2024-03-21,81,2024,3,21,4,1
2024-03-22,82,2024,3,22,5,1
2024-03-23,83,2024,3,23,6,1
2024-03-24,84,2024,3,24,7,1
2024-03-25,85,2024,3,25,1,1
2024-03-26,86,2024,3,26,2,1
2024-03-27,87,2024,3,27,3,1
2024-03-28,88,2024,3,28,4,1
2024-03-29,89,2024,3,29,5,1
2024-03-30,90,2024,3,30,6,1
2024-03-31,91,2024,3,31,7,1
2024-04-01,92,2024,4,1,1,2
2024-04-02,93,2024,4,2,2,2
2024-04-03,94,2024,4,3,3,2
2024-04-04,95,2024,4,4,4,2
2024-04-05,96,2024,4,5,5,2
2024-04-06,97,2024,4,6,6,2
2024-04-07,98,2024,4,7,7,2
2024-04-08,99,2024,4,8,1,2
2024-04-09,100,2024,4,9,2,2
2024-04-10,101,2024,4,10,3,2
2024-04-11,102,2024,4,11,4,2
2024-04-12,103,2024,4,12,5,2
2024-04-13,104,2024,4,13,6,2
2024-04-14,105,2024,4,14,7,2
2024-04-15,106,2024,4,15,1,2
2024-04-16,107,2024,4,16,2,2
2024-04-17,108,2024,4,17,3,2
2024-04-18,109,2024,4,18,4,2
2024-04-19,110,2024,4,19,5,2
2024-04-20,111,2024,4,20,6,2
2024-04-21,112,2024,4,21,7,2
2024-04-22,113,2024,4,22,1,2
2024-04-23,114,2024,4,23,2,2
2024-04-24,115,2024,4,24,3,2
2024-04-25,116,2024,4,25,4,2
2024-04-26,117,2024,4,26,5,2
2024-04-27,118,2024,4,27,6,2
2024-04-28,119,2024,4,28,7,2
2024-04-29,120,2024,4,29,1,2
2024-04-30,121,2024,4,30,2,2
2024-05-01,122,2024,5,1,3,2
2024-05-02,123,2024,5,2,4,2
2024-05-03,124,2024,5,3,5,2
2024-05-04,125,2024,5,4,6,2
2024-05-05,126,2024,5,5,7,2
2024-05-06,127,2024,5,6,1,2
2024-05-07,128,2024,5,7,2,2
2024-05-08,129,2024,5,8,3,2
2024-05-09,130,2024,5,9,4,2
2024-05-10,131,2024,5,10,5,2
2024-05-11,132,2024,5,11,6,2
2024-05-12,133,2024,5,12,7,2
2024-05-13,134,2024,5,13,1,2
2024-05-14,135,2024,5,14,2,2
2024-05-15,136,2024,5,15,3,2
2024-05-16,137,2024,5,16,4,2
2024-05-17,138,2024,5,17,5,2
2024-05-18,139,2024,5,18,6,2
2024-05-19,140,2024,5,19,7,2
2024-05-20,141,2024,5,20,1,2
2024-05-21,142,2024,5,21,2,2
2024-05-22,143,2024,5,22,3,2
2024-05-23,144,2024,5,23,4,2
2024-05-24,145,2024,5,24,5,2
2024-05-25,146,2024,5,25,6,2
2024-05-26,147,2024,5,26,7,2
2024-05-27,148,2024,5,27,1,2
2024-05-28,149,2024,5,28,2,2
2024-05-29,150,2024,5,29,3,2
2024-05-30,151,2024,5,30,4,2
2024-05-31,152,2024,5,31,5,2
2024-06-01,153,2024,6,1,6,2
2024-06-02,154,2024,6,2,7,2
2024-06-03,155,2024,6,3,1,2
2024-06-04,156,2024,6,4,2,2
2024-06-05,157,2024,6,5,3,2
2024-06-06,158,2024,6,6,4,2
2024-06-07,159,2024,6,7,5,2
2024-06-08,160,2024,6,8,6,2
2024-06-09,161,2024,6,9,7,2
2024-06-10,162,2024,6,10,1,2
2024-06-11,163,2024,6,11,2,2
2024-06-12,164,2024,6,12,3,2
2024-06-13,165,2024,6,13,4,2
2024-06-14,166,2024,6,14,5,2
2024-06-15,167,2024,6,15,6,2
2024-06-16,168,2024,6,16,7,2
2024-06-17,169,2024,6,17,1,2
2024-06-18,170,2024,6,18,2,2
2024-06-19,171,2024,6,19,3,2
2024-06-20,172,2024,6,20,4,2
2024-06-21,173,2024,6,21,5,2
2024-06-22,174,2024,6,22,6,2
2024-06-23,175,2024,6,23,7,2
2024-06-24,176,2024,6,24,1,2
2024-06-25,177,2024,6,25,2,2
2024-06-26,178,2024,6,26,3,2
2024-06-27,179,2024,6,27,4,2
2024-06-28,180,2024,6,28,5,2
2024-06-29,181,2024,6,29,6,2
2024-06-30,182,2024,6,30,7,2
2024-07-01,183,2024,7,1,1,3
2024-07-02,184,2024,7,2,2,3
2024-07-03,185,2024,7,3,3,3
2024-07-04,186,2024,7,4,4,3
2024-07-05,187,2024,7,5,5,3
2024-07-06,188,2024,7,6,6,3
2024-07-07,189,2024,7,7,7,3
2024-07-08,190,2024,7,8,1,3
2024-07-09,191,2024,7,9,2,3
2024-07-10,192,2024,7,10,3,3
2024-07-11,193,2024,7,11,4,3
2024-07-12,194,2024,7,12,5,3
2024-07-13,195,2024,7,13,6,3
2024-07-14,196,2024,7,14,7,3
2024-07-15,197,2024,7,15,1,3
2024-07-16,198,2024,7,16,2,3
2024-07-17,199,2024,7,17,3,3
2024-07-18,200,2024,7,18,4,3
2024-07-19,201,2024,7,19,5,3
2024-07-20,202,2024,7,20,6,3
2024-07-21,203,2024,7,21,7,3
2024-07-22,204,2024,7,22,1,3
2024-07-23,205,2024,7,23,2,3
2024-07-24,206,2024,7,24,3,3
2024-07-25,207,2024,7,25,4,3
2024-07-26,208,2024,7,26,5,3
2024-07-27,209,2024,7,27,6,3
2024-07-28,210,2024,7,28,7,3
2024-07-29,211,2024,7,29,1,3
2024-07-30,212,2024,7,30,2,3
2024-07-31,213,2024,7,31,3,3
2024-08-01,214,2024,8,1,4,3
2024-08-02,215,2024,8,2,5,3
2024-08-03,216,2024,8,3,6,3
2024-08-04,217,2024,8,4,7,3
2024-08-05,218,2024,8,5,1,3
2024-08-06,219,2024,8,6,2,3
2024-08-07,220,2024,8,7,3,3
2024-08-08,221,2024,8,8,4,3
2024-08-09,222,2024,8,9,5,3
2024-08-10,223,2024,8,10,6,3
2024-08-11,224,2024,8,11,7,3
2024-08-12,225,2024,8,12,1,3
2024-08-13,226,2024,8,13,2,3
2024-08-14,227,2024,8,14,3,3
2024-08-15,228,2024,8,15,4,3
2024-08-16,229,2024,8,16,5,3
2024-08-17,230,2024,8,17,6,3
2024-08-18,231,2024,8,18,7,3
2024-08-19,232,2024,8,19,1,3
2024-08-20,233,2024,8,20,2,3
2024-08-21,234,2024,8,21,3,3
2024-08-22,235,2024,8,22,4,3
2024-08-23,236,2024,8,23,5,3
2024-08-24,237,2024,8,24,6,3
2024-08-25,238,2024,8,25,7,3
2024-08-26,239,2024,8,26,1,3
2024-08-27,240,2024,8,27,2,3
2024-08-28,241,2024,8,28,3,3
2024-08-29,242,2024,8,29,4,3
2024-08-30,243,2024,8,30,5,3
2024-08-31,244,2024,8,31,6,3
2024-09-01,245,2024,9,1,7,3
2024-09-02,246,2024,9,2,1,3
2024-09-03,247,2024,9,3,2,3
2024-09-04,248,2024,9,4,3,3
2024-09-05,249,2024,9,5,4,3
2024-09-06,250,2024,9,6,5,3
2024-09-07,251,2024,9,7,6,3
2024-09-08,252,2024,9,8,7,3
2024-09-09,253,2024,9,9,1,3
2024-09-10,254,2024,9,10,2,3
2024-09-11,255,2024,9,11,3,3
2024-09-12,256,2024,9,12,4,3
2024-09-13,257,2024,9,13,5,3
2024-09-14,258,2024,9,14,6,3
2024-09-15,259,2024,9,15,7,3
2024-09-16,260,2024,9,16,1,3
2024-09-17,261,2024,9,17,2,3
2024-09-18,262,2024,9,18,3,3
2024-09-19,263,2024,9,19,4,3
2024-09-20,264,2024,9,20,5,3
2024-09-21,265,2024,9,21,6,3
2024-09-22,266,2024,9,22,7,3
2024-09-23,267,2024,9,23,1,3
2024-09-24,268,2024,9,24,2,3
2024-09-25,269,2024,9,25,3,3
2024-09-26,270,2024,9,26,4,3
2024-09-27,271,2024,9,27,5,3
2024-09-28,272,2024,9,28,6,3
2024-09-29,273,2024,9,29,7,3
2024-09-30,274,2024,9,30,1,3
2024-10-01,275,2024,10,1,2,4
2024-10-02,276,2024,10,2,3,4
2024-10-03,277,2024,10,3,4,4
2024-10-04,278,2024,10,4,5,4
2024-10-05,279,2024,10,5,6,4
2024-10-06,280,2024,10,6,7,4
2024-10-07,281,2024,10,7,1,4
2024-10-08,282,2024,10,8,2,4
2024-10-09,283,2024,10,9,3,4
2024-10-10,284,2024,10,10,4,4
2024-10-11,285,2024,10,11,5,4
2024-10-12,286,2024,10,12,6,4
2024-10-13,287,2024,10,13,7,4
2024-10-14,288,2024,10,14,1,4
2024-10-15,289,2024,10,15,2,4
2024-10-16,290,2024,10,16,3,4
2024-10-17,291,2024,10,17,4,4
2024-10-18,292,2024,10,18,5,4
2024-10-19,293,2024,10,19,6,4
2024-10-20,294,2024,10,20,7,4
2024-10-21,295,2024,10,21,1,4
2024-10-22,296,2024,10,22,2,4
2024-10-23,297,2024,10,23,3,4
2024-10-24,298,2024,10,24,4,4
2024-10-25,299,2024,10,25,5,4
2024-10-26,300,2024,10,26,6,4
2024-10-27,301,2024,10,27,7,4
2024-10-28,302,2024,10,28,1,4
2024-10-29,303,2024,10,29,2,4
2024-10-30,304,2024,10,30,3,4
2024-10-31,305,2024,10,31,4,4
2024-11-01,306,2024,11,1,5,4
2024-11-02,307,2024,11,2,6,4
2024-11-03,308,2024,11,3,7,4
2024-11-04,309,2024,11,4,1,4
2024-11-05,310,2024,11,5,2,4
2024-11-06,311,2024,11,6,3,4
2024-11-07,312,2024,11,7,4,4
2024-11-08,313,2024,11,8,5,4
2024-11-09,314,2024,11,9,6,4
2024-11-10,315,2024,11,10,7,4
2024-11-11,316,2024,11,11,1,4
2024-11-12,317,2024,11,12,2,4
2024-11-13,318,2024,11,13,3,4
2024-11-14,319,2024,11,14,4,4
2024-11-15,320,2024,11,15,5,4
2024-11-16,321,2024,11,16,6,4
2024-11-17,322,2024,11,17,7,4
2024-11-18,323,2024,11,18,1,4
2024-11-19,324,2024,11,19,2,4
2024-11-20,325,2024,11,20,3,4
2024-11-21,326,2024,11,21,4,4
2024-11-22,327,2024,11,22,5,4
2024-11-23,328,2024,11,23,6,4
2024-11-24,329,2024,11,24,7,4
2024-11-25,330,2024,11,25,1,4
2024-11-26,331,2024,11,26,2,4
2024-11-27,332,2024,11,27,3,4
2024-11-28,333,2024,11,28,4,4
2024-11-29,334,2024,11,29,5,4
2024-11-30,335,2024,11,30,6,4
2024-12-01,336,2024,12,1,7,4
2024-12-02,337,2024,12,2,1,4
2024-12-03,338,2024,12,3,2,4
2024-12-04,339,2024,12,4,3,4
2024-12-05,340,2024,12,5,4,4
2024-12-06,341,2024,12,6,5,4
2024-12-07,342,2024,12,7,6,4
2024-12-08,343,2024,12,8,7,4
2024-12-09,344,2024,12,9,1,4
2024-12-10,345,2024,12,10,2,4
2024-12-11,346,2024,12,11,3,4
2024-12-12,347,2024,12,12,4,4
2024-12-13,348,2024,12,13,5,4
2024-12-14,349,2024,12,14,6,4
2024-12-15,350,2024,12,15,7,4
2024-12-16,351,2024,12,16,1,4
2024-12-17,352,2024,12,17,2,4
2024-12-18,353,2024,12,18,3,4
2024-12-19,354,2024,12,19,4,4
2024-12-20,355,2024,12,20,5,4
2024-12-21,356,2024,12,21,6,4
2024-12-22,357,2024,12,22,7,4
2024-12-23,358,2024,12,23,1,4
2024-12-24,359,2024,12,24,2,4
2024-12-25,360,2024,12,25,3,4
2024-12-26,361,2024,12,26,4,4
2024-12-27,362,2024,12,27,5,4
2024-12-28,363,2024,12,28,6,4
2024-12-29,364,2024,12,29,7,4
2024-12-30,365,2024,12,30,1,4
2024-12-31,366,2024,12,31,2,4
2025-01-01,367,2025,1,1,3,1
2025-01-02,368,2025,1,2,4,1
2025-01-03,369,2025,1,3,5,1
2025-01-04,370,2025,1,4,6,1
2025-01-05,371,2025,1,5,7,1
2025-01-06,372,2025,1,6,1,1
2025-01-07,373,2025,1,7,2,1
2025-01-08,374,2025,1,8,3,1
2025-01-09,375,2025,1,9,4,1
2025-01-10,376,2025,1,10,5,1
2025-01-11,377,2025,1,11,6,1
2025-01-12,378,2025,1,12,7,1
2025-01-13,379,2025,1,13,1,1
2025-01-14,380,2025,1,14,2,1
2025-01-15,381,2025,1,15,3,1
2025-01-16,382,2025,1,16,4,1
2025-01-17,383,2025,1,17,5,1
2025-01-18,384,2025,1,18,6,1
2025-01-19,385,2025,1,19,7,1
2025-01-20,386,2025,1,20,1,1
2025-01-21,387,2025,1,21,2,1
2025-01-22,388,2025,1,22,3,1
2025-01-23,389,2025,1,23,4,1
2025-01-24,390,2025,1,24,5,1
2025-01-25,391,2025,1,25,6,1
2025-01-26,392,2025,1,26,7,1
2025-01-27,393,2025,1,27,1,1
2025-01-28,394,2025,1,28,2,1
2025-01-29,395,2025,1,29,3,1
2025-01-30,396,2025,1,30,4,1
2025-01-31,397,2025,1,31,5,1
2025-02-01,398,2025,2,1,6,1
2025-02-02,399,2025,2,2,7,1
2025-02-03,400,2025,2,3,1,1
2025-02-04,401,2025,2,4,2,1
2025-02-05,402,2025,2,5,3,1
2025-02-06,403,2025,2,6,4,1
2025-02-07,404,2025,2,7,5,1
2025-02-08,405,2025,2,8,6,1
2025-02-09,406,2025,2,9,7,1
2025-02-10,407,2025,2,10,1,1
2025-02-11,408,2025,2,11,2,1
2025-02-12,409,2025,2,12,3,1
2025-02-13,410,2025,2,13,4,1
2025-02-14,411,2025,2,14,5,1
2025-02-15,412,2025,2,15,6,1
2025-02-16,413,2025,2,16,7,1
2025-02-17,414,2025,2,17,1,1
2025-02-18,415,2025,2,18,2,1
2025-02-19,416,2025,2,19,3,1
2025-02-20,417,2025,2,20,4,1
2025-02-21,418,2025,2,21,5,1
2025-02-22,419,2025,2,22,6,1
2025-02-23,420,2025,2,23,7,1
2025-02-24,421,2025,2,24,1,1
2025-02-25,422,2025,2,25,2,1
2025-02-26,423,2025,2,26,3,1
2025-02-27,424,2025,2,27,4,1
2025-02-28,425,2025,2,28,5,1
2025-03-01,426,2025,3,1,6,1
2025-03-02,427,2025,3,2,7,1
2025-03-03,428,2025,3,3,1,1
2025-03-04,429,2025,3,4,2,1
2025-03-05,430,2025,3,5,3,1
2025-03-06,431,2025,3,6,4,1
2025-03-07,432,2025,3,7,5,1
2025-03-08,433,2025,3,8,6,1
2025-03-09,434,2025,3,9,7,1
2025-03-10,435,2025,3,10,1,1
2025-03-11,436,2025,3,11,2,1
2025-03-12,437,2025,3,12,3,1
2025-03-13,438,2025,3,13,4,1
2025-03-14,439,2025,3,14,5,1
2025-03-15,440,2025,3,15,6,1
2025-03-16,441,2025,3,16,7,1
2025-03-17,442,2025,3,17,1,1
2025-03-18,443,2025,3,18,2,1
2025-03-19,444,2025,3,19,3,1
2025-03-20,445,2025,3,20,4,1
2025-03-21,446,2025,3,21,5,1
2025-03-22,447,2025,3,22,6,1
2025-03-23,448,2025,3,23,7,1
2025-03-24,449,2025,3,24,1,1
2025-03-25,450,2025,3,25,2,1
2025-03-26,451,2025,3,26,3,1
2025-03-27,452,2025,3,27,4,1
2025-03-28,453,2025,3,28,5,1
2025-03-29,454,2025,3,29,6,1
2025-03-30,455,2025,3,30,7,1
2025-03-31,456,2025,3,31,1,1
2025-04-01,457,2025,4,1,2,2
2025-04-02,458,2025,4,2,3,2
2025-04-03,459,2025,4,3,4,2
2025-04-04,460,2025,4,4,5,2
2025-04-05,461,2025,4,5,6,2
2025-04-06,462,2025,4,6,7,2
2025-04-07,463,2025,4,7,1,2
2025-04-08,464,2025,4,8,2,2
2025-04-09,465,2025,4,9,3,2
2025-04-10,466,2025,4,10,4,2
2025-04-11,467,2025,4,11,5,2
2025-04-12,468,2025,4,12,6,2
2025-04-13,469,2025,4,13,7,2
2025-04-14,470,2025,4,14,1,2
2025-04-15,471,2025,4,15,2,2
2025-04-16,472,2025,4,16,3,2
2025-04-17,473,2025,4,17,4,2
2025-04-18,474,2025,4,18,5,2
2025-04-19,475,2025,4,19,6,2
2025-04-20,476,2025,4,20,7,2
2025-04-21,477,2025,4,21,1,2
2025-04-22,478,2025,4,22,2,2
2025-04-23,479,2025,4,23,3,2
2025-04-24,480,2025,4,24,4,2
2025-04-25,481,2025,4,25,5,2
2025-04-26,482,2025,4,26,6,2
2025-04-27,483,2025,4,27,7,2
2025-04-28,484,2025,4,28,1,2
2025-04-29,485,2025,4,29,2,2
2025-04-30,486,2025,4,30,3,2
2025-05-01,487,2025,5,1,4,2
2025-05-02,488,2025,5,2,5,2
2025-05-03,489,2025,5,3,6,2
2025-05-04,490,2025,5,4,7,2
2025-05-05,491,2025,5,5,1,2
2025-05-06,492,2025,5,6,2,2
2025-05-07,493,2025,5,7,3,2
2025-05-08,494,2025,5,8,4,2
2025-05-09,495,2025,5,9,5,2
2025-05-10,496,2025,5,10,6,2
2025-05-11,497,2025,5,11,7,2
2025-05-12,498,2025,5,12,1,2
2025-05-13,499,2025,5,13,2,2
2025-05-14,500,2025,5,14,3,2
2025-05-15,501,2025,5,15,4,2
2025-05-16,502,2025,5,16,5,2
2025-05-17,503,2025,5,17,6,2
2025-05-18,504,2025,5,18,7,2
2025-05-19,505,2025,5,19,1,2
2025-05-20,506,2025,5,20,2,2
2025-05-21,507,2025,5,21,3,2
2025-05-22,508,2025,5,22,4,2
2025-05-23,509,2025,5,23,5,2
2025-05-24,510,2025,5,24,6,2
2025-05-25,511,2025,5,25,7,2
2025-05-26,512,2025,5,26,1,2
2025-05-27,513,2025,5,27,2,2
2025-05-28,514,2025,5,28,3,2
2025-05-29,515,2025,5,29,4,2
2025-05-30,516,2025,5,30,5,2
2025-05-31,517,2025,5,31,6,2
2025-06-01,518,2025,6,1,7,2
2025-06-02,519,2025,6,2,1,2
2025-06-03,520,2025,6,3,2,2
2025-06-04,521,2025,6,4,3,2
2025-06-05,522,2025,6,5,4,2
2025-06-06,523,2025,6,6,5,2
2025-06-07,524,2025,6,7,6,2
2025-06-08,525,2025,6,8,7,2
2025-06-09,526,2025,6,9,1,2
2025-06-10,527,2025,6,10,2,2
2025-06-11,528,2025,6,11,3,2
2025-06-12,529,2025,6,12,4,2
2025-06-13,530,2025,6,13,5,2
2025-06-14,531,2025,6,14,6,2
2025-06-15,532,2025,6,15,7,2
2025-06-16,533,2025,6,16,1,2
2025-06-17,534,2025,6,17,2,2
2025-06-18,535,2025,6,18,3,2
2025-06-19,536,2025,6,19,4,2
2025-06-20,537,2025,6,20,5,2
2025-06-21,538,2025,6,21,6,2
2025-06-22,539,2025,6,22,7,2
2025-06-23,540,2025,6,23,1,2
2025-06-24,541,2025,6,24,2,2
2025-06-25,542,2025,6,25,3,2
2025-06-26,543,2025,6,26,4,2
2025-06-27,544,2025,6,27,5,2
2025-06-28,545,2025,6,28,6,2
2025-06-29,546,2025,6,29,7,2
2025-06-30,547,2025,6,30,1,2
2025-07-01,548,2025,7,1,2,3
2025-07-02,549,2025,7,2,3,3
2025-07-03,550,2025,7,3,4,3
2025-07-04,551,2025,7,4,5,3
2025-07-05,552,2025,7,5,6,3
2025-07-06,553,2025,7,6,7,3
2025-07-07,554,2025,7,7,1,3
2025-07-08,555,2025,7,8,2,3
2025-07-09,556,2025,7,9,3,3
2025-07-10,557,2025,7,10,4,3
2025-07-11,558,2025,7,11,5,3
2025-07-12,559,2025,7,12,6,3
2025-07-13,560,2025,7,13,7,3
2025-07-14,561,2025,7,14,1,3
2025-07-15,562,2025,7,15,2,3
2025-07-16,563,2025,7,16,3,3
2025-07-17,564,2025,7,17,4,3
2025-07-18,565,2025,7,18,5,3
2025-07-19,566,2025,7,19,6,3
2025-07-20,567,2025,7,20,7,3
2025-07-21,568,2025,7,21,1,3
2025-07-22,569,2025,7,22,2,3
2025-07-23,570,2025,7,23,3,3
2025-07-24,571,2025,7,24,4,3
2025-07-25,572,2025,7,25,5,3
2025-07-26,573,2025,7,26,6,3
2025-07-27,574,2025,7,27,7,3
2025-07-28,575,2025,7,28,1,3
2025-07-29,576,2025,7,29,2,3
2025-07-30,577,2025,7,30,3,3
2025-07-31,578,2025,7,31,4,3
2025-08-01,579,2025,8,1,5,3
2025-08-02,580,2025,8,2,6,3
2025-08-03,581,2025,8,3,7,3
2025-08-04,582,2025,8,4,1,3
2025-08-05,583,2025,8,5,2,3
2025-08-06,584,2025,8,6,3,3
2025-08-07,585,2025,8,7,4,3
2025-08-08,586,2025,8,8,5,3
2025-08-09,587,2025,8,9,6,3
2025-08-10,588,2025,8,10,7,3
2025-08-11,589,2025,8,11,1,3
2025-08-12,590,2025,8,12,2,3
2025-08-13,591,2025,8,13,3,3
2025-08-14,592,2025,8,14,4,3
2025-08-15,593,2025,8,15,5,3
2025-08-16,594,2025,8,16,6,3
2025-08-17,595,2025,8,17,7,3
2025-08-18,596,2025,8,18,1,3
2025-08-19,597,2025,8,19,2,3
2025-08-20,598,2025,8,20,3,3
2025-08-21,599,2025,8,21,4,3
2025-08-22,600,2025,8,22,5,3
2025-08-23,601,2025,8,23,6,3
2025-08-24,602,2025,8,24,7,3
2025-08-25,603,2025,8,25,1,3
2025-08-26,604,2025,8,26,2,3
2025-08-27,605,2025,8,27,3,3
2025-08-28,606,2025,8,28,4,3
2025-08-29,607,2025,8,29,5,3
2025-08-30,608,2025,8,30,6,3
2025-08-31,609,2025,8,31,7,3
2025-09-01,610,2025,9,1,1,3
2025-09-02,611,2025,9,2,2,3
2025-09-03,612,2025,9,3,3,3
2025-09-04,613,2025,9,4,4,3
2025-09-05,614,2025,9,5,5,3
2025-09-06,615,2025,9,6,6,3
2025-09-07,616,2025,9,7,7,3
2025-09-08,617,2025,9,8,1,3
2025-09-09,618,2025,9,9,2,3
2025-09-10,619,2025,9,10,3,3
2025-09-11,620,2025,9,11,4,3
2025-09-12,621,2025,9,12,5,3
2025-09-13,622,2025,9,13,6,3
2025-09-14,623,2025,9,14,7,3
2025-09-15,624,2025,9,15,1,3
2025-09-16,625,2025,9,16,2,3
2025-09-17,626,2025,9,17,3,3
2025-09-18,627,2025,9,18,4,3
2025-09-19,628,2025,9,19,5,3
2025-09-20,629,2025,9,20,6,3
2025-09-21,630,2025,9,21,7,3
2025-09-22,631,2025,9,22,1,3
2025-09-23,632,2025,9,23,2,3
2025-09-24,633,2025,9,24,3,3
2025-09-25,634,2025,9,25,4,3
2025-09-26,635,2025,9,26,5,3
2025-09-27,636,2025,9,27,6,3
2025-09-28,637,2025,9,28,7,3
2025-09-29,638,2025,9,29,1,3
2025-09-30,639,2025,9,30,2,3
2025-10-01,640,2025,10,1,3,4
2025-10-02,641,2025,10,2,4,4
2025-10-03,642,2025,10,3,5,4
2025-10-04,643,2025,10,4,6,4
2025-10-05,644,2025,10,5,7,4
2025-10-06,645,2025,10,6,1,4
2025-10-07,646,2025,10,7,2,4
2025-10-08,647,2025,10,8,3,4
2025-10-09,648,2025,10,9,4,4
2025-10-10,649,2025,10,10,5,4
2025-10-11,650,2025,10,11,6,4
2025-10-12,651,2025,10,12,7,4
2025-10-13,652,2025,10,13,1,4
2025-10-14,653,2025,10,14,2,4
2025-10-15,654,2025,10,15,3,4
2025-10-16,655,2025,10,16,4,4
2025-10-17,656,2025,10,17,5,4
2025-10-18,657,2025,10,18,6,4
2025-10-19,658,2025,10,19,7,4
2025-10-20,659,2025,10,20,1,4
2025-10-21,660,2025,10,21,2,4
2025-10-22,661,2025,10,22,3,4
2025-10-23,662,2025,10,23,4,4
2025-10-24,663,2025,10,24,5,4
2025-10-25,664,2025,10,25,6,4
2025-10-26,665,2025,10,26,7,4
2025-10-27,666,2025,10,27,1,4
2025-10-28,667,2025,10,28,2,4
2025-10-29,668,2025,10,29,3,4
2025-10-30,669,2025,10,30,4,4
2025-10-31,670,2025,10,31,5,4
2025-11-01,671,2025,11,1,6,4
2025-11-02,672,2025,11,2,7,4
2025-11-03,673,2025,11,3,1,4
2025-11-04,674,2025,11,4,2,4
2025-11-05,675,2025,11,5,3,4
2025-11-06,676,2025,11,6,4,4
2025-11-07,677,2025,11,7,5,4
2025-11-08,678,2025,11,8,6,4
2025-11-09,679,2025,11,9,7,4
2025-11-10,680,2025,11,10,1,4
2025-11-11,681,2025,11,11,2,4
2025-11-12,682,2025,11,12,3,4
2025-11-13,683,2025,11,13,4,4
2025-11-14,684,2025,11,14,5,4
2025-11-15,685,2025,11,15,6,4
2025-11-16,686,2025,11,16,7,4
2025-11-17,687,2025,11,17,1,4
2025-11-18,688,2025,11,18,2,4
2025-11-19,689,2025,11,19,3,4
2025-11-20,690,2025,11,20,4,4
2025-11-21,691,2025,11,21,5,4
2025-11-22,692,2025,11,22,6,4
2025-11-23,693,2025,11,23,7,4
2025-11-24,694,2025,11,24,1,4
2025-11-25,695,2025,11,25,2,4
2025-11-26,696,2025,11,26,3,4
2025-11-27,697,2025,11,27,4,4
2025-11-28,698,2025,11,28,5,4
2025-11-29,699,2025,11,29,6,4
2025-11-30,700,2025,11,30,7,4
2025-12-01,701,2025,12,1,1,4
2025-12-02,702,2025,12,2,2,4
2025-12-03,703,2025,12,3,3,4
2025-12-04,704,2025,12,4,4,4
2025-12-05,705,2025,12,5,5,4
2025-12-06,706,2025,12,6,6,4
2025-12-07,707,2025,12,7,7,4
2025-12-08,708,2025,12,8,1,4
2025-12-09,709,2025,12,9,2,4
2025-12-10,710,2025,12,10,3,4
2025-12-11,711,2025,12,11,4,4
2025-12-12,712,2025,12,12,5,4
2025-12-13,713,2025,12,13,6,4
2025-12-14,714,2025,12,14,7,4
2025-12-15,715,2025,12,15,1,4
2025-12-16,716,2025,12,16,2,4
2025-12-17,717,2025,12,17,3,4
2025-12-18,718,2025,12,18,4,4
2025-12-19,719,2025,12,19,5,4
2025-12-20,720,2025,12,20,6,4
2025-12-21,721,2025,12,21,7,4
2025-12-22,722,2025,12,22,1,4
2025-12-23,723,2025,12,23,2,4
2025-12-24,724,2025,12,24,3,4
2025-12-25,725,2025,12,25,4,4
2025-12-26,726,2025,12,26,5,4
2025-12-27,727,2025,12,27,6,4
2025-12-28,728,2025,12,28,7,4
2025-12-29,729,2025,12,29,1,4
2025-12-30,730,2025,12,30,2,4
2025-12-31,731,2025,12,31,3,4
2026-01-01,732,2026,1,1,4,1
2026-01-02,733,2026,1,2,5,1
2026-01-03,734,2026,1,3,6,1
2026-01-04,735,2026,1,4,7,1
2026-01-05,736,2026,1,5,1,1
2026-01-06,737,2026,1,6,2,1
2026-01-07,738,2026,1,7,3,1
2026-01-08,739,2026,1,8,4,1
2026-01-09,740,2026,1,9,5,1
2026-01-10,741,2026,1,10,6,1
2026-01-11,742,2026,1,11,7,1
2026-01-12,743,2026,1,12,1,1
2026-01-13,744,2026,1,13,2,1
2026-01-14,745,2026,1,14,3,1
2026-01-15,746,2026,1,15,4,1
2026-01-16,747,2026,1,16,5,1
2026-01-17,748,2026,1,17,6,1
2026-01-18,749,2026,1,18,7,1
2026-01-19,750,2026,1,19,1,1
2026-01-20,751,2026,1,20,2,1
2026-01-21,752,2026,1,21,3,1
2026-01-22,753,2026,1,22,4,1
2026-01-23,754,2026,1,23,5,1
2026-01-24,755,2026,1,24,6,1
2026-01-25,756,2026,1,25,7,1
2026-01-26,757,2026,1,26,1,1
2026-01-27,758,2026,1,27,2,1
2026-01-28,759,2026,1,28,3,1
2026-01-29,760,2026,1,29,4,1
2026-01-30,761,2026,1,30,5,1
2026-01-31,762,2026,1,31,6,1
2026-02-01,763,2026,2,1,7,1
2026-02-02,764,2026,2,2,1,1
2026-02-03,765,2026,2,3,2,1
2026-02-04,766,2026,2,4,3,1
2026-02-05,767,2026,2,5,4,1
2026-02-06,768,2026,2,6,5,1
2026-02-07,769,2026,2,7,6,1
2026-02-08,770,2026,2,8,7,1
2026-02-09,771,2026,2,9,1,1
2026-02-10,772,2026,2,10,2,1
2026-02-11,773,2026,2,11,3,1
2026-02-12,774,2026,2,12,4,1
2026-02-13,775,2026,2,13,5,1
2026-02-14,776,2026,2,14,6,1
2026-02-15,777,2026,2,15,7,1
2026-02-16,778,2026,2,16,1,1
2026-02-17,779,2026,2,17,2,1
2026-02-18,780,2026,2,18,3,1
2026-02-19,781,2026,2,19,4,1
2026-02-20,782,2026,2,20,5,1
2026-02-21,783,2026,2,21,6,1
2026-02-22,784,2026,2,22,7,1
2026-02-23,785,2026,2,23,1,1
2026-02-24,786,2026,2,24,2,1
2026-02-25,787,2026,2,25,3,1
2026-02-26,788,2026,2,26,4,1
2026-02-27,789,2026,2,27,5,1
2026-02-28,790,2026,2,28,6,1
2026-03-01,791,2026,3,1,7,1
2026-03-02,792,2026,3,2,1,1
2026-03-03,793,2026,3,3,2,1
2026-03-04,794,2026,3,4,3,1
2026-03-05,795,2026,3,5,4,1
2026-03-06,796,2026,3,6,5,1
2026-03-07,797,2026,3,7,6,1
2026-03-08,798,2026,3,8,7,1
2026-03-09,799,2026,3,9,1,1
2026-03-10,800,2026,3,10,2,1
2026-03-11,801,2026,3,11,3,1
2026-03-12,802,2026,3,12,4,1
2026-03-13,803,2026,3,13,5,1
2026-03-14,804,2026,3,14,6,1
2026-03-15,805,2026,3,15,7,1
2026-03-16,806,2026,3,16,1,1
2026-03-17,807,2026,3,17,2,1
2026-03-18,808,2026,3,18,3,1
2026-03-19,809,2026,3,19,4,1
2026-03-20,810,2026,3,20,5,1
2026-03-21,811,2026,3,21,6,1
2026-03-22,812,2026,3,22,7,1
2026-03-23,813,2026,3,23,1,1
2026-03-24,814,2026,3,24,2,1
2026-03-25,815,2026,3,25,3,1
2026-03-26,816,2026,3,26,4,1
2026-03-27,817,2026,3,27,5,1
2026-03-28,818,2026,3,28,6,1
2026-03-29,819,2026,3,29,7,1
2026-03-30,820,2026,3,30,1,1
2026-03-31,821,2026,3,31,2,1
2026-04-01,822,2026,4,1,3,2
2026-04-02,823,2026,4,2,4,2
2026-04-03,824,2026,4,3,5,2
2026-04-04,825,2026,4,4,6,2
2026-04-05,826,2026,4,5,7,2
2026-04-06,827,2026,4,6,1,2
2026-04-07,828,2026,4,7,2,2
2026-04-08,829,2026,4,8,3,2
2026-04-09,830,2026,4,9,4,2
2026-04-10,831,2026,4,10,5,2
2026-04-11,832,2026,4,11,6,2
2026-04-12,833,2026,4,12,7,2
2026-04-13,834,2026,4,13,1,2
2026-04-14,835,2026,4,14,2,2
2026-04-15,836,2026,4,15,3,2
2026-04-16,837,2026,4,16,4,2
2026-04-17,838,2026,4,17,5,2
2026-04-18,839,2026,4,18,6,2
2026-04-19,840,2026,4,19,7,2
2026-04-20,841,2026,4,20,1,2
2026-04-21,842,2026,4,21,2,2
2026-04-22,843,2026,4,22,3,2
2026-04-23,844,2026,4,23,4,2
2026-04-24,845,2026,4,24,5,2
2026-04-25,846,2026,4,25,6,2
2026-04-26,847,2026,4,26,7,2
2026-04-27,848,2026,4,27,1,2
2026-04-28,849,2026,4,28,2,2
2026-04-29,850,2026,4,29,3,2
2026-04-30,851,2026,4,30,4,2
2026-05-01,852,2026,5,1,5,2
2026-05-02,853,2026,5,2,6,2
2026-05-03,854,2026,5,3,7,2
2026-05-04,855,2026,5,4,1,2
2026-05-05,856,2026,5,5,2,2
2026-05-06,857,2026,5,6,3,2
2026-05-07,858,2026,5,7,4,2
2026-05-08,859,2026,5,8,5,2
2026-05-09,860,2026,5,9,6,2
2026-05-10,861,2026,5,10,7,2
2026-05-11,862,2026,5,11,1,2
2026-05-12,863,2026,5,12,2,2
2026-05-13,864,2026,5,13,3,2
2026-05-14,865,2026,5,14,4,2
2026-05-15,866,2026,5,15,5,2
2026-05-16,867,2026,5,16,6,2
2026-05-17,868,2026,5,17,7,2
2026-05-18,869,2026,5,18,1,2
2026-05-19,870,2026,5,19,2,2
2026-05-20,871,2026,5,20,3,2
2026-05-21,872,2026,5,21,4,2
2026-05-22,873,2026,5,22,5,2
2026-05-23,874,2026,5,23,6,2
2026-05-24,875,2026,5,24,7,2
2026-05-25,876,2026,5,25,1,2
2026-05-26,877,2026,5,26,2,2
2026-05-27,878,2026,5,27,3,2
2026-05-28,879,2026,5,28,4,2
2026-05-29,880,2026,5,29,5,2
2026-05-30,881,2026,5,30,6,2
2026-05-31,882,2026,5,31,7,2
2026-06-01,883,2026,6,1,1,2
2026-06-02,884,2026,6,2,2,2
2026-06-03,885,2026,6,3,3,2
2026-06-04,886,2026,6,4,4,2
2026-06-05,887,2026,6,5,5,2
2026-06-06,888,2026,6,6,6,2
2026-06-07,889,2026,6,7,7,2
2026-06-08,890,2026,6,8,1,2
2026-06-09,891,2026,6,9,2,2
2026-06-10,892,2026,6,10,3,2
2026-06-11,893,2026,6,11,4,2
2026-06-12,894,2026,6,12,5,2
2026-06-13,895,2026,6,13,6,2
2026-06-14,896,2026,6,14,7,2
2026-06-15,897,2026,6,15,1,2
2026-06-16,898,2026,6,16,2,2
2026-06-17,899,2026,6,17,3,2
2026-06-18,900,2026,6,18,4,2
2026-06-19,901,2026,6,19,5,2
2026-06-20,902,2026,6,20,6,2
2026-06-21,903,2026,6,21,7,2
2026-06-22,904,2026,6,22,1,2
2026-06-23,905,2026,6,23,2,2
2026-06-24,906,2026,6,24,3,2
2026-06-25,907,2026,6,25,4,2
2026-06-26,908,2026,6,26,5,2
2026-06-27,909,2026,6,27,6,2
2026-06-28,910,2026,6,28,7,2
2026-06-29,911,2026,6,29,1,2
2026-06-30,912,2026,6,30,2,2
2026-07-01,913,2026,7,1,3,3
2026-07-02,914,2026,7,2,4,3
2026-07-03,915,2026,7,3,5,3
2026-07-04,916,2026,7,4,6,3
2026-07-05,917,2026,7,5,7,3
2026-07-06,918,2026,7,6,1,3
2026-07-07,919,2026,7,7,2,3
2026-07-08,920,2026,7,8,3,3
2026-07-09,921,2026,7,9,4,3
2026-07-10,922,2026,7,10,5,3
2026-07-11,923,2026,7,11,6,3
2026-07-12,924,2026,7,12,7,3
2026-07-13,925,2026,7,13,1,3
2026-07-14,926,2026,7,14,2,3
2026-07-15,927,2026,7,15,3,3
2026-07-16,928,2026,7,16,4,3
2026-07-17,929,2026,7,17,5,3
2026-07-18,930,2026,7,18,6,3
2026-07-19,931,2026,7,19,7,3
2026-07-20,932,2026,7,20,1,3
2026-07-21,933,2026,7,21,2,3
2026-07-22,934,2026,7,22,3,3
2026-07-23,935,2026,7,23,4,3
2026-07-24,936,2026,7,24,5,3
2026-07-25,937,2026,7,25,6,3
2026-07-26,938,2026,7,26,7,3
2026-07-27,939,2026,7,27,1,3
2026-07-28,940,2026,7,28,2,3
2026-07-29,941,2026,7,29,3,3
2026-07-30,942,2026,7,30,4,3
2026-07-31,943,2026,7,31,5,3
2026-08-01,944,2026,8,1,6,3
2026-08-02,945,2026,8,2,7,3
2026-08-03,946,2026,8,3,1,3
2026-08-04,947,2026,8,4,2,3
2026-08-05,948,2026,8,5,3,3
2026-08-06,949,2026,8,6,4,3
2026-08-07,950,2026,8,7,5,3
2026-08-08,951,2026,8,8,6,3
2026-08-09,952,2026,8,9,7,3
2026-08-10,953,2026,8,10,1,3
2026-08-11,954,2026,8,11,2,3
2026-08-12,955,2026,8,12,3,3
2026-08-13,956,2026,8,13,4,3
2026-08-14,957,2026,8,14,5,3
2026-08-15,958,2026,8,15,6,3
2026-08-16,959,2026,8,16,7,3
2026-08-17,960,2026,8,17,1,3
2026-08-18,961,2026,8,18,2,3
2026-08-19,962,2026,8,19,3,3
2026-08-20,963,2026,8,20,4,3
2026-08-21,964,2026,8,21,5,3
2026-08-22,965,2026,8,22,6,3
2026-08-23,966,2026,8,23,7,3
2026-08-24,967,2026,8,24,1,3
2026-08-25,968,2026,8,25,2,3
2026-08-26,969,2026,8,26,3,3
2026-08-27,970,2026,8,27,4,3
2026-08-28,971,2026,8,28,5,3
2026-08-29,972,2026,8,29,6,3
2026-08-30,973,2026,8,30,7,3
2026-08-31,974,2026,8,31,1,3
2026-09-01,975,2026,9,1,2,3
2026-09-02,976,2026,9,2,3,3
2026-09-03,977,2026,9,3,4,3
2026-09-04,978,2026,9,4,5,3
2026-09-05,979,2026,9,5,6,3
2026-09-06,980,2026,9,6,7,3
2026-09-07,981,2026,9,7,1,3
2026-09-08,982,2026,9,8,2,3
2026-09-09,983,2026,9,9,3,3
2026-09-10,984,2026,9,10,4,3
2026-09-11,985,2026,9,11,5,3
2026-09-12,986,2026,9,12,6,3
2026-09-13,987,2026,9,13,7,3
2026-09-14,988,2026,9,14,1,3
2026-09-15,989,2026,9,15,2,3
2026-09-16,990,2026,9,16,3,3
2026-09-17,991,2026,9,17,4,3
2026-09-18,992,2026,9,18,5,3
2026-09-19,993,2026,9,19,6,3
2026-09-20,994,2026,9,20,7,3
2026-09-21,995,2026,9,21,1,3
2026-09-22,996,2026,9,22,2,3
2026-09-23,997,2026,9,23,3,3
2026-09-24,998,2026,9,24,4,3
2026-09-25,999,2026,9,25,5,3
2026-09-26,1000,2026,9,26,6,3
2026-09-27,1001,2026,9,27,7,3
2026-09-28,1002,2026,9,28,1,3
2026-09-29,1003,2026,9,29,2,3
2026-09-30,1004,2026,9,30,3,3
2026-10-01,1005,2026,10,1,4,4
2026-10-02,1006,2026,10,2,5,4
2026-10-03,1007,2026,10,3,6,4
2026-10-04,1008,2026,10,4,7,4
2026-10-05,1009,2026,10,5,1,4
2026-10-06,1010,2026,10,6,2,4
2026-10-07,1011,2026,10,7,3,4
2026-10-08,1012,2026,10,8,4,4
2026-10-09,1013,2026,10,9,5,4
2026-10-10,1014,2026,10,10,6,4
2026-10-11,1015,2026,10,11,7,4
2026-10-12,1016,2026,10,12,1,4
2026-10-13,1017,2026,10,13,2,4
2026-10-14,1018,2026,10,14,3,4
2026-10-15,1019,2026,10,15,4,4
2026-10-16,1020,2026,10,16,5,4
2026-10-17,1021,2026,10,17,6,4
2026-10-18,1022,2026,10,18,7,4
2026-10-19,1023,2026,10,19,1,4
2026-10-20,1024,2026,10,20,2,4
2026-10-21,1025,2026,10,21,3,4
2026-10-22,1026,2026,10,22,4,4
2026-10-23,1027,2026,10,23,5,4
2026-10-24,1028,2026,10,24,6,4
2026-10-25,1029,2026,10,25,7,4
2026-10-26,1030,2026,10,26,1,4
2026-10-27,1031,2026,10,27,2,4
2026-10-28,1032,2026,10,28,3,4
2026-10-29,1033,2026,10,29,4,4
2026-10-30,1034,2026,10,30,5,4
2026-10-31,1035,2026,10,31,6,4
2026-11-01,1036,2026,11,1,7,4
2026-11-02,1037,2026,11,2,1,4
2026-11-03,1038,2026,11,3,2,4
2026-11-04,1039,2026,11,4,3,4
2026-11-05,1040,2026,11,5,4,4
2026-11-06,1041,2026,11,6,5,4
2026-11-07,1042,2026,11,7,6,4
2026-11-08,1043,2026,11,8,7,4
2026-11-09,1044,2026,11,9,1,4
2026-11-10,1045,2026,11,10,2,4
2026-11-11,1046,2026,11,11,3,4
2026-11-12,1047,2026,11,12,4,4
2026-11-13,1048,2026,11,13,5,4
2026-11-14,1049,2026,11,14,6,4
2026-11-15,1050,2026,11,15,7,4
2026-11-16,1051,2026,11,16,1,4
2026-11-17,1052,2026,11,17,2,4
2026-11-18,1053,2026,11,18,3,4
2026-11-19,1054,2026,11,19,4,4
2026-11-20,1055,2026,11,20,5,4
2026-11-21,1056,2026,11,21,6,4
2026-11-22,1057,2026,11,22,7,4
2026-11-23,1058,2026,11,23,1,4
2026-11-24,1059,2026,11,24,2,4
2026-11-25,1060,2026,11,25,3,4
2026-11-26,1061,2026,11,26,4,4
2026-11-27,1062,2026,11,27,5,4
2026-11-28,1063,2026,11,28,6,4
2026-11-29,1064,2026,11,29,7,4
2026-11-30,1065,2026,11,30,1,4
2026-12-01,1066,2026,12,1,2,4
2026-12-02,1067,2026,12,2,3,4
2026-12-03,1068,2026,12,3,4,4
2026-12-04,1069,2026,12,4,5,4
2026-12-05,1070,2026,12,5,6,4
2026-12-06,1071,2026,12,6,7,4
2026-12-07,1072,2026,12,7,1,4
2026-12-08,1073,2026,12,8,2,4
2026-12-09,1074,2026,12,9,3,4
2026-12-10,1075,2026,12,10,4,4
2026-12-11,1076,2026,12,11,5,4
2026-12-12,1077,2026,12,12,6,4
2026-12-13,1078,2026,12,13,7,4
2026-12-14,1079,2026,12,14,1,4
2026-12-15,1080,2026,12,15,2,4
2026-12-16,1081,2026,12,16,3,4
2026-12-17,1082,2026,12,17,4,4
2026-12-18,1083,2026,12,18,5,4
2026-12-19,1084,2026,12,19,6,4
2026-12-20,1085,2026,12,20,7,4
2026-12-21,1086,2026,12,21,1,4
2026-12-22,1087,2026,12,22,2,4
2026-12-23,1088,2026,12,23,3,4
2026-12-24,1089,2026,12,24,4,4
2026-12-25,1090,2026,12,25,5,4
2026-12-26,1091,2026,12,26,6,4
2026-12-27,1092,2026,12,27,7,4
2026-12-28,1093,2026,12,28,1,4
2026-12-29,1094,2026,12,29,2,4
2026-12-30,1095,2026,12,30,3,4
2026-12-31,1096,2026,12,31,4,4
2027-01-01,1097,2027,1,1,5,1
2027-01-02,1098,2027,1,2,6,1
2027-01-03,1099,2027,1,3,7,1
2027-01-04,1100,2027,1,4,1,1
2027-01-05,1101,2027,1,5,2,1
2027-01-06,1102,2027,1,6,3,1
2027-01-07,1103,2027,1,7,4,1
2027-01-08,1104,2027,1,8,5,1
2027-01-09,1105,2027,1,9,6,1
2027-01-10,1106,2027,1,10,7,1
2027-01-11,1107,2027,1,11,1,1
2027-01-12,1108,2027,1,12,2,1
2027-01-13,1109,2027,1,13,3,1
2027-01-14,1110,2027,1,14,4,1
2027-01-15,1111,2027,1,15,5,1
2027-01-16,1112,2027,1,16,6,1
2027-01-17,1113,2027,1,17,7,1
2027-01-18,1114,2027,1,18,1,1
2027-01-19,1115,2027,1,19,2,1
2027-01-20,1116,2027,1,20,3,1
2027-01-21,1117,2027,1,21,4,1
2027-01-22,1118,2027,1,22,5,1
2027-01-23,1119,2027,1,23,6,1
2027-01-24,1120,2027,1,24,7,1
2027-01-25,1121,2027,1,25,1,1
2027-01-26,1122,2027,1,26,2,1
2027-01-27,1123,2027,1,27,3,1
2027-01-28,1124,2027,1,28,4,1
2027-01-29,1125,2027,1,29,5,1
2027-01-30,1126,2027,1,30,6,1
2027-01-31,1127,2027,1,31,7,1
2027-02-01,1128,2027,2,1,1,1
2027-02-02,1129,2027,2,2,2,1
2027-02-03,1130,2027,2,3,3,1
2027-02-04,1131,2027,2,4,4,1
2027-02-05,1132,2027,2,5,5,1
2027-02-06,1133,2027,2,6,6,1
2027-02-07,1134,2027,2,7,7,1
2027-02-08,1135,2027,2,8,1,1
2027-02-09,1136,2027,2,9,2,1
2027-02-10,1137,2027,2,10,3,1
2027-02-11,1138,2027,2,11,4,1
2027-02-12,1139,2027,2,12,5,1
2027-02-13,1140,2027,2,13,6,1
2027-02-14,1141,2027,2,14,7,1
2027-02-15,1142,2027,2,15,1,1
2027-02-16,1143,2027,2,16,2,1
2027-02-17,1144,2027,2,17,3,1
2027-02-18,1145,2027,2,18,4,1
2027-02-19,1146,2027,2,19,5,1
2027-02-20,1147,2027,2,20,6,1
2027-02-21,1148,2027,2,21,7,1
2027-02-22,1149,2027,2,22,1,1
2027-02-23,1150,2027,2,23,2,1
2027-02-24,1151,2027,2,24,3,1
2027-02-25,1152,2027,2,25,4,1
2027-02-26,1153,2027,2,26,5,1
2027-02-27,1154,2027,2,27,6,1
2027-02-28,1155,2027,2,28,7,1
2027-03-01,1156,2027,3,1,1,1
2027-03-02,1157,2027,3,2,2,1
2027-03-03,1158,2027,3,3,3,1
2027-03-04,1159,2027,3,4,4,1
2027-03-05,1160,2027,3,5,5,1
2027-03-06,1161,2027,3,6,6,1
2027-03-07,1162,2027,3,7,7,1
2027-03-08,1163,2027,3,8,1,1
2027-03-09,1164,2027,3,9,2,1
2027-03-10,1165,2027,3,10,3,1
2027-03-11,1166,2027,3,11,4,1
2027-03-12,1167,2027,3,12,5,1
2027-03-13,1168,2027,3,13,6,1
2027-03-14,1169,2027,3,14,7,1
2027-03-15,1170,2027,3,15,1,1
2027-03-16,1171,2027,3,16,2,1
2027-03-17,1172,2027,3,17,3,1
2027-03-18,1173,2027,3,18,4,1
2027-03-19,1174,2027,3,19,5,1
2027-03-20,1175,2027,3,20,6,1
2027-03-21,1176,2027,3,21,7,1
2027-03-22,1177,2027,3,22,1,1
2027-03-23,1178,2027,3,23,2,1
2027-03-24,1179,2027,3,24,3,1
2027-03-25,1180,2027,3,25,4,1
2027-03-26,1181,2027,3,26,5,1
2027-03-27,1182,2027,3,27,6,1
2027-03-28,1183,2027,3,28,7,1
2027-03-29,1184,2027,3,29,1,1
2027-03-30,1185,2027,3,30,2,1
2027-03-31,1186,2027,3,31,3,1
2027-04-01,1187,2027,4,1,4,2
2027-04-02,1188,2027,4,2,5,2
2027-04-03,1189,2027,4,3,6,2
2027-04-04,1190,2027,4,4,7,2
2027-04-05,1191,2027,4,5,1,2
2027-04-06,1192,2027,4,6,2,2
2027-04-07,1193,2027,4,7,3,2
2027-04-08,1194,2027,4,8,4,2
2027-04-09,1195,2027,4,9,5,2
2027-04-10,1196,2027,4,10,6,2
2027-04-11,1197,2027,4,11,7,2
2027-04-12,1198,2027,4,12,1,2
2027-04-13,1199,2027,4,13,2,2
2027-04-14,1200,2027,4,14,3,2
2027-04-15,1201,2027,4,15,4,2
2027-04-16,1202,2027,4,16,5,2
2027-04-17,1203,2027,4,17,6,2
2027-04-18,1204,2027,4,18,7,2
2027-04-19,1205,2027,4,19,1,2
2027-04-20,1206,2027,4,20,2,2
2027-04-21,1207,2027,4,21,3,2
2027-04-22,1208,2027,4,22,4,2
2027-04-23,1209,2027,4,23,5,2
2027-04-24,1210,2027,4,24,6,2
2027-04-25,1211,2027,4,25,7,2
2027-04-26,1212,2027,4,26,1,2
2027-04-27,1213,2027,4,27,2,2
2027-04-28,1214,2027,4,28,3,2
2027-04-29,1215,2027,4,29,4,2
2027-04-30,1216,2027,4,30,5,2
2027-05-01,1217,2027,5,1,6,2
2027-05-02,1218,2027,5,2,7,2
2027-05-03,1219,2027,5,3,1,2
2027-05-04,1220,2027,5,4,2,2
2027-05-05,1221,2027,5,5,3,2
2027-05-06,1222,2027,5,6,4,2
2027-05-07,1223,2027,5,7,5,2
2027-05-08,1224,2027,5,8,6,2
2027-05-09,1225,2027,5,9,7,2
2027-05-10,1226,2027,5,10,1,2
2027-05-11,1227,2027,5,11,2,2
2027-05-12,1228,2027,5,12,3,2
2027-05-13,1229,2027,5,13,4,2
2027-05-14,1230,2027,5,14,5,2
2027-05-15,1231,2027,5,15,6,2
2027-05-16,1232,2027,5,16,7,2
2027-05-17,1233,2027,5,17,1,2
2027-05-18,1234,2027,5,18,2,2
2027-05-19,1235,2027,5,19,3,2
2027-05-20,1236,2027,5,20,4,2
2027-05-21,1237,2027,5,21,5,2
2027-05-22,1238,2027,5,22,6,2
2027-05-23,1239,2027,5,23,7,2
2027-05-24,1240,2027,5,24,1,2
2027-05-25,1241,2027,5,25,2,2
2027-05-26,1242,2027,5,26,3,2
2027-05-27,1243,2027,5,27,4,2
2027-05-28,1244,2027,5,28,5,2
2027-05-29,1245,2027,5,29,6,2
2027-05-30,1246,2027,5,30,7,2
2027-05-31,1247,2027,5,31,1,2
2027-06-01,1248,2027,6,1,2,2
2027-06-02,1249,2027,6,2,3,2
2027-06-03,1250,2027,6,3,4,2
2027-06-04,1251,2027,6,4,5,2
2027-06-05,1252,2027,6,5,6,2
2027-06-06,1253,2027,6,6,7,2
2027-06-07,1254,2027,6,7,1,2
2027-06-08,1255,2027,6,8,2,2
2027-06-09,1256,2027,6,9,3,2
2027-06-10,1257,2027,6,10,4,2
2027-06-11,1258,2027,6,11,5,2
2027-06-12,1259,2027,6,12,6,2
2027-06-13,1260,2027,6,13,7,2
2027-06-14,1261,2027,6,14,1,2
2027-06-15,1262,2027,6,15,2,2
2027-06-16,1263,2027,6,16,3,2
2027-06-17,1264,2027,6,17,4,2
2027-06-18,1265,2027,6,18,5,2
2027-06-19,1266,2027,6,19,6,2
2027-06-20,1267,2027,6,20,7,2
2027-06-21,1268,2027,6,21,1,2
2027-06-22,1269,2027,6,22,2,2
2027-06-23,1270,2027,6,23,3,2
2027-06-24,1271,2027,6,24,4,2
2027-06-25,1272,2027,6,25,5,2
2027-06-26,1273,2027,6,26,6,2
2027-06-27,1274,2027,6,27,7,2
2027-06-28,1275,2027,6,28,1,2
2027-06-29,1276,2027,6,29,2,2
2027-06-30,1277,2027,6,30,3,2
2027-07-01,1278,2027,7,1,4,3
2027-07-02,1279,2027,7,2,5,3
2027-07-03,1280,2027,7,3,6,3
2027-07-04,1281,2027,7,4,7,3
2027-07-05,1282,2027,7,5,1,3
2027-07-06,1283,2027,7,6,2,3
2027-07-07,1284,2027,7,7,3,3
2027-07-08,1285,2027,7,8,4,3
2027-07-09,1286,2027,7,9,5,3
2027-07-10,1287,2027,7,10,6,3
2027-07-11,1288,2027,7,11,7,3
2027-07-12,1289,2027,7,12,1,3
2027-07-13,1290,2027,7,13,2,3
2027-07-14,1291,2027,7,14,3,3
2027-07-15,1292,2027,7,15,4,3
2027-07-16,1293,2027,7,16,5,3
2027-07-17,1294,2027,7,17,6,3
2027-07-18,1295,2027,7,18,7,3
2027-07-19,1296,2027,7,19,1,3
2027-07-20,1297,2027,7,20,2,3
2027-07-21,1298,2027,7,21,3,3
2027-07-22,1299,2027,7,22,4,3
2027-07-23,1300,2027,7,23,5,3
2027-07-24,1301,2027,7,24,6,3
2027-07-25,1302,2027,7,25,7,3
2027-07-26,1303,2027,7,26,1,3
2027-07-27,1304,2027,7,27,2,3
2027-07-28,1305,2027,7,28,3,3
2027-07-29,1306,2027,7,29,4,3
2027-07-30,1307,2027,7,30,5,3
2027-07-31,1308,2027,7,31,6,3
2027-08-01,1309,2027,8,1,7,3
2027-08-02,1310,2027,8,2,1,3
2027-08-03,1311,2027,8,3,2,3
2027-08-04,1312,2027,8,4,3,3
2027-08-05,1313,2027,8,5,4,3
2027-08-06,1314,2027,8,6,5,3
2027-08-07,1315,2027,8,7,6,3
2027-08-08,1316,2027,8,8,7,3
2027-08-09,1317,2027,8,9,1,3
2027-08-10,1318,2027,8,10,2,3
2027-08-11,1319,2027,8,11,3,3
2027-08-12,1320,2027,8,12,4,3
2027-08-13,1321,2027,8,13,5,3
2027-08-14,1322,2027,8,14,6,3
2027-08-15,1323,2027,8,15,7,3
2027-08-16,1324,2027,8,16,1,3
2027-08-17,1325,2027,8,17,2,3
2027-08-18,1326,2027,8,18,3,3
2027-08-19,1327,2027,8,19,4,3
2027-08-20,1328,2027,8,20,5,3
2027-08-21,1329,2027,8,21,6,3
2027-08-22,1330,2027,8,22,7,3
2027-08-23,1331,2027,8,23,1,3
2027-08-24,1332,2027,8,24,2,3
2027-08-25,1333,2027,8,25,3,3
2027-08-26,1334,2027,8,26,4,3
2027-08-27,1335,2027,8,27,5,3
2027-08-28,1336,2027,8,28,6,3
2027-08-29,1337,2027,8,29,7,3
2027-08-30,1338,2027,8,30,1,3
2027-08-31,1339,2027,8,31,2,3
2027-09-01,1340,2027,9,1,3,3
2027-09-02,1341,2027,9,2,4,3
2027-09-03,1342,2027,9,3,5,3
2027-09-04,1343,2027,9,4,6,3
2027-09-05,1344,2027,9,5,7,3
2027-09-06,1345,2027,9,6,1,3
2027-09-07,1346,2027,9,7,2,3
2027-09-08,1347,2027,9,8,3,3
2027-09-09,1348,2027,9,9,4,3
2027-09-10,1349,2027,9,10,5,3
2027-09-11,1350,2027,9,11,6,3
2027-09-12,1351,2027,9,12,7,3
2027-09-13,1352,2027,9,13,1,3
2027-09-14,1353,2027,9,14,2,3
2027-09-15,1354,2027,9,15,3,3
2027-09-16,1355,2027,9,16,4,3
2027-09-17,1356,2027,9,17,5,3
2027-09-18,1357,2027,9,18,6,3
2027-09-19,1358,2027,9,19,7,3
2027-09-20,1359,2027,9,20,1,3
2027-09-21,1360,2027,9,21,2,3
2027-09-22,1361,2027,9,22,3,3
2027-09-23,1362,2027,9,23,4,3
2027-09-24,1363,2027,9,24,5,3
2027-09-25,1364,2027,9,25,6,3
2027-09-26,1365,2027,9,26,7,3
2027-09-27,1366,2027,9,27,1,3
2027-09-28,1367,2027,9,28,2,3
2027-09-29,1368,2027,9,29,3,3
2027-09-30,1369,2027,9,30,4,3
2027-10-01,1370,2027,10,1,5,4
2027-10-02,1371,2027,10,2,6,4
2027-10-03,1372,2027,10,3,7,4
2027-10-04,1373,2027,10,4,1,4
2027-10-05,1374,2027,10,5,2,4
2027-10-06,1375,2027,10,6,3,4
2027-10-07,1376,2027,10,7,4,4
2027-10-08,1377,2027,10,8,5,4
2027-10-09,1378,2027,10,9,6,4
2027-10-10,1379,2027,10,10,7,4
2027-10-11,1380,2027,10,11,1,4
2027-10-12,1381,2027,10,12,2,4
2027-10-13,1382,2027,10,13,3,4
2027-10-14,1383,2027,10,14,4,4
2027-10-15,1384,2027,10,15,5,4
2027-10-16,1385,2027,10,16,6,4
2027-10-17,1386,2027,10,17,7,4
2027-10-18,1387,2027,10,18,1,4
2027-10-19,1388,2027,10,19,2,4
2027-10-20,1389,2027,10,20,3,4
2027-10-21,1390,2027,10,21,4,4
2027-10-22,1391,2027,10,22,5,4
2027-10-23,1392,2027,10,23,6,4
2027-10-24,1393,2027,10,24,7,4
2027-10-25,1394,2027,10,25,1,4
2027-10-26,1395,2027,10,26,2,4
2027-10-27,1396,2027,10,27,3,4
2027-10-28,1397,2027,10,28,4,4
2027-10-29,1398,2027,10,29,5,4
2027-10-30,1399,2027,10,30,6,4
2027-10-31,1400,2027,10,31,7,4
2027-11-01,1401,2027,11,1,1,4
2027-11-02,1402,2027,11,2,2,4
2027-11-03,1403,2027,11,3,3,4
2027-11-04,1404,2027,11,4,4,4
2027-11-05,1405,2027,11,5,5,4
2027-11-06,1406,2027,11,6,6,4
2027-11-07,1407,2027,11,7,7,4
2027-11-08,1408,2027,11,8,1,4
2027-11-09,1409,2027,11,9,2,4
2027-11-10,1410,2027,11,10,3,4
2027-11-11,1411,2027,11,11,4,4
2027-11-12,1412,2027,11,12,5,4
2027-11-13,1413,2027,11,13,6,4
2027-11-14,1414,2027,11,14,7,4
2027-11-15,1415,2027,11,15,1,4
2027-11-16,1416,2027,11,16,2,4
2027-11-17,1417,2027,11,17,3,4
2027-11-18,1418,2027,11,18,4,4
2027-11-19,1419,2027,11,19,5,4
2027-11-20,1420,2027,11,20,6,4
2027-11-21,1421,2027,11,21,7,4
2027-11-22,1422,2027,11,22,1,4
2027-11-23,1423,2027,11,23,2,4
2027-11-24,1424,2027,11,24,3,4
2027-11-25,1425,2027,11,25,4,4
2027-11-26,1426,2027,11,26,5,4
2027-11-27,1427,2027,11,27,6,4
2027-11-28,1428,2027,11,28,7,4
2027-11-29,1429,2027,11,29,1,4
2027-11-30,1430,2027,11,30,2,4
2027-12-01,1431,2027,12,1,3,4
2027-12-02,1432,2027,12,2,4,4
2027-12-03,1433,2027,12,3,5,4
2027-12-04,1434,2027,12,4,6,4
2027-12-05,1435,2027,12,5,7,4
2027-12-06,1436,2027,12,6,1,4
2027-12-07,1437,2027,12,7,2,4
2027-12-08,1438,2027,12,8,3,4
2027-12-09,1439,2027,12,9,4,4
2027-12-10,1440,2027,12,10,5,4
2027-12-11,1441,2027,12,11,6,4
2027-12-12,1442,2027,12,12,7,4
2027-12-13,1443,2027,12,13,1,4
2027-12-14,1444,2027,12,14,2,4
2027-12-15,1445,2027,12,15,3,4
2027-12-16,1446,2027,12,16,4,4
2027-12-17,1447,2027,12,17,5,4
2027-12-18,1448,2027,12,18,6,4
2027-12-19,1449,2027,12,19,7,4
2027-12-20,1450,2027,12,20,1,4
2027-12-21,1451,2027,12,21,2,4
2027-12-22,1452,2027,12,22,3,4
2027-12-23,1453,2027,12,23,4,4
2027-12-24,1454,2027,12,24,5,4
2027-12-25,1455,2027,12,25,6,4
2027-12-26,1456,2027,12,26,7,4
2027-12-27,1457,2027,12,27,1,4
2027-12-28,1458,2027,12,28,2,4
2027-12-29,1459,2027,12,29,3,4
2027-12-30,1460,2027,12,30,4,4
2027-12-31,1461,2027,12,31,5,4
2028-01-01,1462,2028,1,1,6,1
2028-01-02,1463,2028,1,2,7,1
2028-01-03,1464,2028,1,3,1,1
2028-01-04,1465,2028,1,4,2,1
2028-01-05,1466,2028,1,5,3,1
2028-01-06,1467,2028,1,6,4,1
2028-01-07,1468,2028,1,7,5,1
2028-01-08,1469,2028,1,8,6,1
2028-01-09,1470,2028,1,9,7,1
2028-01-10,1471,2028,1,10,1,1
2028-01-11,1472,2028,1,11,2,1
2028-01-12,1473,2028,1,12,3,1
2028-01-13,1474,2028,1,13,4,1
2028-01-14,1475,2028,1,14,5,1
2028-01-15,1476,2028,1,15,6,1
2028-01-16,1477,2028,1,16,7,1
2028-01-17,1478,2028,1,17,1,1
2028-01-18,1479,2028,1,18,2,1
2028-01-19,1480,2028,1,19,3,1
2028-01-20,1481,2028,1,20,4,1
2028-01-21,1482,2028,1,21,5,1
2028-01-22,1483,2028,1,22,6,1
2028-01-23,1484,2028,1,23,7,1
2028-01-24,1485,2028,1,24,1,1
2028-01-25,1486,2028,1,25,2,1
2028-01-26,1487,2028,1,26,3,1
2028-01-27,1488,2028,1,27,4,1
2028-01-28,1489,2028,1,28,5,1
2028-01-29,1490,2028,1,29,6,1
2028-01-30,1491,2028,1,30,7,1
2028-01-31,1492,2028,1,31,1,1
2028-02-01,1493,2028,2,1,2,1
2028-02-02,1494,2028,2,2,3,1
2028-02-03,1495,2028,2,3,4,1
2028-02-04,1496,2028,2,4,5,1
2028-02-05,1497,2028,2,5,6,1
2028-02-06,1498,2028,2,6,7,1
2028-02-07,1499,2028,2,7,1,1
2028-02-08,1500,2028,2,8,2,1
2028-02-09,1501,2028,2,9,3,1
2028-02-10,1502,2028,2,10,4,1
2028-02-11,1503,2028,2,11,5,1
2028-02-12,1504,2028,2,12,6,1
2028-02-13,1505,2028,2,13,7,1
2028-02-14,1506,2028,2,14,1,1
2028-02-15,1507,2028,2,15,2,1
2028-02-16,1508,2028,2,16,3,1
2028-02-17,1509,2028,2,17,4,1
2028-02-18,1510,2028,2,18,5,1
2028-02-19,1511,2028,2,19,6,1
2028-02-20,1512,2028,2,20,7,1
2028-02-21,1513,2028,2,21,1,1
2028-02-22,1514,2028,2,22,2,1
2028-02-23,1515,2028,2,23,3,1
2028-02-24,1516,2028,2,24,4,1
2028-02-25,1517,2028,2,25,5,1
2028-02-26,1518,2028,2,26,6,1
2028-02-27,1519,2028,2,27,7,1
2028-02-28,1520,2028,2,28,1,1
2028-02-29,1521,2028,2,29,2,1
2028-03-01,1522,2028,3,1,3,1
2028-03-02,1523,2028,3,2,4,1
2028-03-03,1524,2028,3,3,5,1
2028-03-04,1525,2028,3,4,6,1
2028-03-05,1526,2028,3,5,7,1
2028-03-06,1527,2028,3,6,1,1
2028-03-07,1528,2028,3,7,2,1
2028-03-08,1529,2028,3,8,3,1
2028-03-09,1530,2028,3,9,4,1
2028-03-10,1531,2028,3,10,5,1
2028-03-11,1532,2028,3,11,6,1
2028-03-12,1533,2028,3,12,7,1
2028-03-13,1534,2028,3,13,1,1
2028-03-14,1535,2028,3,14,2,1
2028-03-15,1536,2028,3,15,3,1
2028-03-16,1537,2028,3,16,4,1
2028-03-17,1538,2028,3,17,5,1
2028-03-18,1539,2028,3,18,6,1
2028-03-19,1540,2028,3,19,7,1
2028-03-20,1541,2028,3,20,1,1
2028-03-21,1542,2028,3,21,2,1
2028-03-22,1543,2028,3,22,3,1
2028-03-23,1544,2028,3,23,4,1
2028-03-24,1545,2028,3,24,5,1
2028-03-25,1546,2028,3,25,6,1
2028-03-26,1547,2028,3,26,7,1
2028-03-27,1548,2028,3,27,1,1
2028-03-28,1549,2028,3,28,2,1
2028-03-29,1550,2028,3,29,3,1
2028-03-30,1551,2028,3,30,4,1
2028-03-31,1552,2028,3,31,5,1
2028-04-01,1553,2028,4,1,6,2
2028-04-02,1554,2028,4,2,7,2
2028-04-03,1555,2028,4,3,1,2
2028-04-04,1556,2028,4,4,2,2
2028-04-05,1557,2028,4,5,3,2
2028-04-06,1558,2028,4,6,4,2
2028-04-07,1559,2028,4,7,5,2
2028-04-08,1560,2028,4,8,6,2
2028-04-09,1561,2028,4,9,7,2
2028-04-10,1562,2028,4,10,1,2
2028-04-11,1563,2028,4,11,2,2
2028-04-12,1564,2028,4,12,3,2
2028-04-13,1565,2028,4,13,4,2
2028-04-14,1566,2028,4,14,5,2
2028-04-15,1567,2028,4,15,6,2
2028-04-16,1568,2028,4,16,7,2
2028-04-17,1569,2028,4,17,1,2
2028-04-18,1570,2028,4,18,2,2
2028-04-19,1571,2028,4,19,3,2
2028-04-20,1572,2028,4,20,4,2
2028-04-21,1573,2028,4,21,5,2
2028-04-22,1574,2028,4,22,6,2
2028-04-23,1575,2028,4,23,7,2
2028-04-24,1576,2028,4,24,1,2
2028-04-25,1577,2028,4,25,2,2
2028-04-26,1578,2028,4,26,3,2
2028-04-27,1579,2028,4,27,4,2
2028-04-28,1580,2028,4,28,5,2
2028-04-29,1581,2028,4,29,6,2
2028-04-30,1582,2028,4,30,7,2
2028-05-01,1583,2028,5,1,1,2
2028-05-02,1584,2028,5,2,2,2
2028-05-03,1585,2028,5,3,3,2
2028-05-04,1586,2028,5,4,4,2
2028-05-05,1587,2028,5,5,5,2
2028-05-06,1588,2028,5,6,6,2
2028-05-07,1589,2028,5,7,7,2
2028-05-08,1590,2028,5,8,1,2
2028-05-09,1591,2028,5,9,2,2
2028-05-10,1592,2028,5,10,3,2
2028-05-11,1593,2028,5,11,4,2
2028-05-12,1594,2028,5,12,5,2
2028-05-13,1595,2028,5,13,6,2
2028-05-14,1596,2028,5,14,7,2
2028-05-15,1597,2028,5,15,1,2
2028-05-16,1598,2028,5,16,2,2
2028-05-17,1599,2028,5,17,3,2
2028-05-18,1600,2028,5,18,4,2
2028-05-19,1601,2028,5,19,5,2
2028-05-20,1602,2028,5,20,6,2
2028-05-21,1603,2028,5,21,7,2
2028-05-22,1604,2028,5,22,1,2
2028-05-23,1605,2028,5,23,2,2
2028-05-24,1606,2028,5,24,3,2
2028-05-25,1607,2028,5,25,4,2
2028-05-26,1608,2028,5,26,5,2
2028-05-27,1609,2028,5,27,6,2
2028-05-28,1610,2028,5,28,7,2
2028-05-29,1611,2028,5,29,1,2
2028-05-30,1612,2028,5,30,2,2
2028-05-31,1613,2028,5,31,3,2
2028-06-01,1614,2028,6,1,4,2
2028-06-02,1615,2028,6,2,5,2
2028-06-03,1616,2028,6,3,6,2
2028-06-04,1617,2028,6,4,7,2
2028-06-05,1618,2028,6,5,1,2
2028-06-06,1619,2028,6,6,2,2
2028-06-07,1620,2028,6,7,3,2
2028-06-08,1621,2028,6,8,4,2
2028-06-09,1622,2028,6,9,5,2
2028-06-10,1623,2028,6,10,6,2
2028-06-11,1624,2028,6,11,7,2
2028-06-12,1625,2028,6,12,1,2
2028-06-13,1626,2028,6,13,2,2
2028-06-14,1627,2028,6,14,3,2
2028-06-15,1628,2028,6,15,4,2
2028-06-16,1629,2028,6,16,5,2
2028-06-17,1630,2028,6,17,6,2
2028-06-18,1631,2028,6,18,7,2
2028-06-19,1632,2028,6,19,1,2
2028-06-20,1633,2028,6,20,2,2
2028-06-21,1634,2028,6,21,3,2
2028-06-22,1635,2028,6,22,4,2
2028-06-23,1636,2028,6,23,5,2
2028-06-24,1637,2028,6,24,6,2
2028-06-25,1638,2028,6,25,7,2
2028-06-26,1639,2028,6,26,1,2
2028-06-27,1640,2028,6,27,2,2
2028-06-28,1641,2028,6,28,3,2
2028-06-29,1642,2028,6,29,4,2
2028-06-30,1643,2028,6,30,5,2
2028-07-01,1644,2028,7,1,6,3
2028-07-02,1645,2028,7,2,7,3
2028-07-03,1646,2028,7,3,1,3
2028-07-04,1647,2028,7,4,2,3
2028-07-05,1648,2028,7,5,3,3
2028-07-06,1649,2028,7,6,4,3
2028-07-07,1650,2028,7,7,5,3
2028-07-08,1651,2028,7,8,6,3
2028-07-09,1652,2028,7,9,7,3
2028-07-10,1653,2028,7,10,1,3
2028-07-11,1654,2028,7,11,2,3
2028-07-12,1655,2028,7,12,3,3
2028-07-13,1656,2028,7,13,4,3
2028-07-14,1657,2028,7,14,5,3
2028-07-15,1658,2028,7,15,6,3
2028-07-16,1659,2028,7,16,7,3
2028-07-17,1660,2028,7,17,1,3
2028-07-18,1661,2028,7,18,2,3
2028-07-19,1662,2028,7,19,3,3
2028-07-20,1663,2028,7,20,4,3
2028-07-21,1664,2028,7,21,5,3
2028-07-22,1665,2028,7,22,6,3
2028-07-23,1666,2028,7,23,7,3
2028-07-24,1667,2028,7,24,1,3
2028-07-25,1668,2028,7,25,2,3
2028-07-26,1669,2028,7,26,3,3
2028-07-27,1670,2028,7,27,4,3
2028-07-28,1671,2028,7,28,5,3
2028-07-29,1672,2028,7,29,6,3
2028-07-30,1673,2028,7,30,7,3
2028-07-31,1674,2028,7,31,1,3
2028-08-01,1675,2028,8,1,2,3
2028-08-02,1676,2028,8,2,3,3
2028-08-03,1677,2028,8,3,4,3
2028-08-04,1678,2028,8,4,5,3
2028-08-05,1679,2028,8,5,6,3
2028-08-06,1680,2028,8,6,7,3
2028-08-07,1681,2028,8,7,1,3
2028-08-08,1682,2028,8,8,2,3
2028-08-09,1683,2028,8,9,3,3
2028-08-10,1684,2028,8,10,4,3
2028-08-11,1685,2028,8,11,5,3
2028-08-12,1686,2028,8,12,6,3
2028-08-13,1687,2028,8,13,7,3
2028-08-14,1688,2028,8,14,1,3
2028-08-15,1689,2028,8,15,2,3
2028-08-16,1690,2028,8,16,3,3
2028-08-17,1691,2028,8,17,4,3
2028-08-18,1692,2028,8,18,5,3
2028-08-19,1693,2028,8,19,6,3
2028-08-20,1694,2028,8,20,7,3
2028-08-21,1695,2028,8,21,1,3
2028-08-22,1696,2028,8,22,2,3
2028-08-23,1697,2028,8,23,3,3
2028-08-24,1698,2028,8,24,4,3
2028-08-25,1699,2028,8,25,5,3
2028-08-26,1700,2028,8,26,6,3
2028-08-27,1701,2028,8,27,7,3
2028-08-28,1702,2028,8,28,1,3
2028-08-29,1703,2028,8,29,2,3
2028-08-30,1704,2028,8,30,3,3
2028-08-31,1705,2028,8,31,4,3
2028-09-01,1706,2028,9,1,5,3
2028-09-02,1707,2028,9,2,6,3
2028-09-03,1708,2028,9,3,7,3
2028-09-04,1709,2028,9,4,1,3
2028-09-05,1710,2028,9,5,2,3
2028-09-06,1711,2028,9,6,3,3
2028-09-07,1712,2028,9,7,4,3
2028-09-08,1713,2028,9,8,5,3
2028-09-09,1714,2028,9,9,6,3
2028-09-10,1715,2028,9,10,7,3
2028-09-11,1716,2028,9,11,1,3
2028-09-12,1717,2028,9,12,2,3
2028-09-13,1718,2028,9,13,3,3
2028-09-14,1719,2028,9,14,4,3
2028-09-15,1720,2028,9,15,5,3
2028-09-16,1721,2028,9,16,6,3
2028-09-17,1722,2028,9,17,7,3
2028-09-18,1723,2028,9,18,1,3
2028-09-19,1724,2028,9,19,2,3
2028-09-20,1725,2028,9,20,3,3
2028-09-21,1726,2028,9,21,4,3
2028-09-22,1727,2028,9,22,5,3
2028-09-23,1728,2028,9,23,6,3
2028-09-24,1729,2028,9,24,7,3
2028-09-25,1730,2028,9,25,1,3
2028-09-26,1731,2028,9,26,2,3
2028-09-27,1732,2028,9,27,3,3
2028-09-28,1733,2028,9,28,4,3
2028-09-29,1734,2028,9,29,5,3
2028-09-30,1735,2028,9,30,6,3
2028-10-01,1736,2028,10,1,7,4
2028-10-02,1737,2028,10,2,1,4
2028-10-03,1738,2028,10,3,2,4
2028-10-04,1739,2028,10,4,3,4
2028-10-05,1740,2028,10,5,4,4
2028-10-06,1741,2028,10,6,5,4
2028-10-07,1742,2028,10,7,6,4
2028-10-08,1743,2028,10,8,7,4
2028-10-09,1744,2028,10,9,1,4
2028-10-10,1745,2028,10,10,2,4
2028-10-11,1746,2028,10,11,3,4
2028-10-12,1747,2028,10,12,4,4
2028-10-13,1748,2028,10,13,5,4
2028-10-14,1749,2028,10,14,6,4
2028-10-15,1750,2028,10,15,7,4
2028-10-16,1751,2028,10,16,1,4
2028-10-17,1752,2028,10,17,2,4
2028-10-18,1753,2028,10,18,3,4
2028-10-19,1754,2028,10,19,4,4
2028-10-20,1755,2028,10,20,5,4
2028-10-21,1756,2028,10,21,6,4
2028-10-22,1757,2028,10,22,7,4
2028-10-23,1758,2028,10,23,1,4
2028-10-24,1759,2028,10,24,2,4
2028-10-25,1760,2028,10,25,3,4
2028-10-26,1761,2028,10,26,4,4
2028-10-27,1762,2028,10,27,5,4
2028-10-28,1763,2028,10,28,6,4
2028-10-29,1764,2028,10,29,7,4
2028-10-30,1765,2028,10,30,1,4
2028-10-31,1766,2028,10,31,2,4
2028-11-01,1767,2028,11,1,3,4
2028-11-02,1768,2028,11,2,4,4
2028-11-03,1769,2028,11,3,5,4
2028-11-04,1770,2028,11,4,6,4
2028-11-05,1771,2028,11,5,7,4
2028-11-06,1772,2028,11,6,1,4
2028-11-07,1773,2028,11,7,2,4
2028-11-08,1774,2028,11,8,3,4
2028-11-09,1775,2028,11,9,4,4
2028-11-10,1776,2028,11,10,5,4
2028-11-11,1777,2028,11,11,6,4
2028-11-12,1778,2028,11,12,7,4
2028-11-13,1779,2028,11,13,1,4
2028-11-14,1780,2028,11,14,2,4
2028-11-15,1781,2028,11,15,3,4
2028-11-16,1782,2028,11,16,4,4
2028-11-17,1783,2028,11,17,5,4
2028-11-18,1784,2028,11,18,6,4
2028-11-19,1785,2028,11,19,7,4
2028-11-20,1786,2028,11,20,1,4
2028-11-21,1787,2028,11,21,2,4
2028-11-22,1788,2028,11,22,3,4
2028-11-23,1789,2028,11,23,4,4
2028-11-24,1790,2028,11,24,5,4
2028-11-25,1791,2028,11,25,6,4
2028-11-26,1792,2028,11,26,7,4
2028-11-27,1793,2028,11,27,1,4
2028-11-28,1794,2028,11,28,2,4
2028-11-29,1795,2028,11,29,3,4
2028-11-30,1796,2028,11,30,4,4
2028-12-01,1797,2028,12,1,5,4
2028-12-02,1798,2028,12,2,6,4
2028-12-03,1799,2028,12,3,7,4
2028-12-04,1800,2028,12,4,1,4
2028-12-05,1801,2028,12,5,2,4
2028-12-06,1802,2028,12,6,3,4
2028-12-07,1803,2028,12,7,4,4
2028-12-08,1804,2028,12,8,5,4
2028-12-09,1805,2028,12,9,6,4
2028-12-10,1806,2028,12,10,7,4
2028-12-11,1807,2028,12,11,1,4
2028-12-12,1808,2028,12,12,2,4
2028-12-13,1809,2028,12,13,3,4
2028-12-14,1810,2028,12,14,4,4
2028-12-15,1811,2028,12,15,5,4
2028-12-16,1812,2028,12,16,6,4
2028-12-17,1813,2028,12,17,7,4
2028-12-18,1814,2028,12,18,1,4
2028-12-19,1815,2028,12,19,2,4
2028-12-20,1816,2028,12,20,3,4
2028-12-21,1817,2028,12,21,4,4
